date,close,adj_close
2019-02-01,270.0599975585937,
2019-02-04,271.9599914550781,243.91673278808594
2019-02-05,273.1000061035156,244.93910217285156
2019-02-06,272.739990234375,244.61624145507812
2019-02-07,270.1400146484375,242.28433227539062
2019-02-08,270.4700012207031,242.5802764892578
2019-02-11,270.6199951171875,242.7147979736328
2019-02-12,274.1000061035156,245.83602905273438
2019-02-13,274.989990234375,246.63418579101562
2019-02-14,274.3800048828125,246.08712768554688
2019-02-15,277.3699951171875,248.76885986328125
2019-02-19,277.8500061035156,249.1992950439453
2019-02-20,278.4100036621094,249.7016143798828
2019-02-21,277.4200134277344,248.81370544433594
2019-02-22,279.1400146484375,250.3562774658203
2019-02-25,279.5199890136719,250.6970977783203
2019-02-26,279.32000732421875,250.5177459716797
2019-02-27,279.20001220703125,250.41014099121094
2019-02-28,278.67999267578125,249.9437713623047
2019-03-01,280.4200134277344,251.50437927246094
2019-03-04,279.3999938964844,250.5894775390625
2019-03-05,279.0199890136719,250.24871826171875
2019-03-06,277.3299865722656,248.73300170898438
2019-03-07,275.010009765625,246.65220642089844
2019-03-08,274.4599914550781,246.1588897705078
2019-03-11,278.44000244140625,249.728515625
2019-03-12,279.489990234375,250.67022705078125
2019-03-13,281.3399963378906,252.32940673828125
2019-03-14,281.1600036621094,252.16807556152344
2019-03-15,281.30999755859375,253.4139404296875
2019-03-18,282.3299865722656,254.33267211914062
2019-03-19,282.3999938964844,254.39578247070312
2019-03-20,281.54998779296875,253.6300506591797
2019-03-21,284.7300109863281,256.4947509765625
2019-03-22,279.25,251.55816650390625
2019-03-25,279.0400085449219,251.3689727783203
2019-03-26,281.1199951171875,253.24269104003906
2019-03-27,279.6499938964844,251.91845703125
2019-03-28,280.7099914550781,252.87338256835938
2019-03-29,282.4800109863281,254.46788024902344
2019-04-01,285.8299865722656,257.48565673828125
2019-04-02,285.9700012207031,257.6118469238281
2019-04-03,286.4200134277344,258.0172119140625
2019-04-04,287.17999267578125,258.7017822265625
2019-04-05,288.57000732421875,259.95391845703125
2019-04-08,288.7900085449219,260.1522216796875
2019-04-09,287.30999755859375,258.81884765625
2019-04-10,288.2900085449219,259.70172119140625
2019-04-11,288.2099914550781,259.6295471191406
2019-04-12,290.1600036621094,261.3862609863281
2019-04-15,289.9700012207031,261.2150573730469
2019-04-16,290.1600036621094,261.3862609863281
2019-04-17,289.45001220703125,260.7466125488281
2019-04-18,290.0199890136719,261.2601318359375
2019-04-22,290.2699890136719,261.4853210449219
2019-04-23,292.8800048828125,263.8365478515625
2019-04-24,292.2300109863281,263.2510070800781
2019-04-25,292.04998779296875,263.0888366699219
2019-04-26,293.4100036621094,264.31390380859375
2019-04-29,293.8699951171875,264.7284851074219
2019-04-30,294.0199890136719,264.8634948730469
2019-05-01,291.80999755859375,262.87261962890625
2019-05-02,291.17999267578125,262.30511474609375
2019-05-03,294.0299987792969,264.87237548828125
2019-05-06,292.82000732421875,263.7824401855469
2019-05-07,287.92999267578125,259.37738037109375
2019-05-08,287.5299987792969,259.01708984375
2019-05-09,286.6600036621094,258.23333740234375
2019-05-10,288.1000061035156,259.5304870605469
2019-05-13,280.8599853515625,253.0084686279297
2019-05-14,283.3999938964844,255.2965850830078
2019-05-15,285.05999755859375,256.7919616699219
2019-05-16,287.70001220703125,259.17022705078125
2019-05-17,285.8399963378906,257.49468994140625
2019-05-20,283.95001220703125,255.7920684814453
2019-05-21,286.510009765625,258.0982971191406
2019-05-22,285.6300048828125,257.3054504394531
2019-05-23,282.1400146484375,254.1615753173828
2019-05-24,282.7799987792969,254.73812866210938
2019-05-28,280.1499938964844,252.36888122558594
2019-05-29,278.2699890136719,250.6753387451172
2019-05-30,279.0299987792969,251.35997009277344
2019-05-31,275.2699890136719,247.97280883789062
2019-06-03,274.57000732421875,247.34230041503906
2019-06-04,280.5299987792969,252.711181640625
2019-06-05,282.9599914550781,254.90020751953125
2019-06-06,284.79998779296875,256.55780029296875
2019-06-07,287.6499938964844,259.1252136230469
2019-06-10,288.9700012207031,260.3141784667969
2019-06-11,288.8999938964844,260.2513122558594
2019-06-12,288.3900146484375,259.791748046875
2019-06-13,289.5799865722656,260.86376953125
2019-06-14,289.260009765625,260.5754699707031
2019-06-17,289.3699951171875,260.6745910644531
2019-06-18,292.3999938964844,263.4040222167969
2019-06-19,293.05999755859375,263.9986877441406
2019-06-20,295.8599853515625,266.52105712890625
2019-06-21,294.0,266.1336364746094
2019-06-24,293.6400146484375,265.8078308105469
2019-06-25,290.760009765625,263.20074462890625
2019-06-26,290.4700012207031,262.93817138671875
2019-06-27,291.5,263.8705749511719
2019-06-28,293.0,265.22833251953125
2019-07-01,295.6600036621094,267.6361999511719
2019-07-02,296.42999267578125,268.3333435058594
2019-07-03,298.79998779296875,270.4786071777344
2019-07-05,298.4599914550781,270.17083740234375
2019-07-08,296.82000732421875,268.6863098144531
2019-07-09,297.19000244140625,269.02117919921875
2019-07-10,298.6099853515625,270.30670166015625
2019-07-11,299.30999755859375,270.9403076171875
2019-07-12,300.6499938964844,272.1532897949219
2019-07-15,300.75,272.2438049316406
2019-07-16,299.7799987792969,271.36572265625
2019-07-17,297.739990234375,269.5191345214844
2019-07-18,298.8299865722656,270.5057067871094
2019-07-19,297.1700134277344,269.003173828125
2019-07-22,297.8999938964844,269.6639099121094
2019-07-23,300.0299987792969,271.592041015625
2019-07-24,301.44000244140625,272.8683776855469
2019-07-25,300.0,271.56488037109375
2019-07-26,302.010009765625,273.38433837890625
2019-07-29,301.4599914550781,272.88653564453125
2019-07-30,300.7200012207031,272.2166442871094
2019-07-31,297.42999267578125,269.2384338378906
2019-08-01,294.8399963378906,266.8939514160156
2019-08-02,292.6199951171875,264.8843994140625
2019-08-05,283.82000732421875,256.9184875488281
2019-08-06,287.79998779296875,260.5213317871094
2019-08-07,287.9700012207031,260.67510986328125
2019-08-08,293.6199951171875,265.78961181640625
2019-08-09,291.6199951171875,263.9791564941406
2019-08-12,288.07000732421875,260.765625
2019-08-13,292.54998779296875,264.821044921875
2019-08-14,283.8999938964844,256.9908752441406
2019-08-15,284.6499938964844,257.6697998046875
2019-08-16,288.8500061035156,261.4716796875
2019-08-19,292.3299865722656,264.6218566894531
2019-08-20,290.0899963378906,262.5942077636719
2019-08-21,292.45001220703125,264.7304382324219
2019-08-22,292.3599853515625,264.64910888671875
2019-08-23,284.8500061035156,257.850830078125
2019-08-26,288.0,260.70233154296875
2019-08-27,286.8699951171875,259.6793518066406
2019-08-28,288.8900146484375,261.5080261230469
2019-08-29,292.5799865722656,264.8481750488281
2019-08-30,292.45001220703125,264.7304382324219
2019-09-03,290.739990234375,263.1826171875
2019-09-04,294.0400085449219,266.1697998046875
2019-09-05,297.82000732421875,269.591552734375
2019-09-06,298.04998779296875,269.7996826171875
2019-09-09,298.20001220703125,269.93548583984375
2019-09-10,298.1300048828125,269.8721618652344
2019-09-11,300.25,271.7911682128906
2019-09-12,301.2900085449219,272.732666015625
2019-09-13,301.0899963378906,272.55157470703125
2019-09-16,300.1600036621094,271.7097473144531
2019-09-17,300.9200134277344,272.397705078125
2019-09-18,301.1000061035156,272.5606994628906
2019-09-19,301.0799865722656,272.54248046875
2019-09-20,298.2799987792969,271.25482177734375
2019-09-23,298.2099914550781,271.1911315917969
2019-09-24,295.8699951171875,269.06317138671875
2019-09-25,297.6199951171875,270.6545715332031
2019-09-26,297.0,270.0907897949219
2019-09-27,295.3999938964844,268.63580322265625
2019-09-30,296.7699890136719,269.8816223144531
2019-10-01,293.239990234375,266.67144775390625
2019-10-02,288.05999755859375,261.96075439453125
2019-10-03,290.4200134277344,264.10687255859375
2019-10-04,294.3500061035156,267.6808166503906
2019-10-07,293.0799865722656,266.52593994140625
2019-10-08,288.5299987792969,262.3880920410156
2019-10-09,291.2699890136719,264.8799743652344
2019-10-10,293.239990234375,266.67144775390625
2019-10-11,296.2799987792969,269.4360656738281
2019-10-14,295.95001220703125,269.135986328125
2019-10-15,298.8800048828125,271.80047607421875
2019-10-16,298.3999938964844,271.3638916015625
2019-10-17,299.2799987792969,272.1642150878906
2019-10-18,297.9700012207031,270.9728698730469
2019-10-21,299.989990234375,272.8099365234375
2019-10-22,299.010009765625,271.9186706542969
2019-10-23,299.8800048828125,272.7098693847656
2019-10-24,300.3699951171875,273.1553955078125
2019-10-25,301.6000061035156,274.27410888671875
2019-10-28,303.29998779296875,275.82000732421875
2019-10-29,303.2099914550781,275.7381896972656
2019-10-30,304.1400146484375,276.5838317871094
2019-10-31,303.3299865722656,275.8472900390625
2019-11-01,306.1400146484375,278.4027099609375
2019-11-04,307.3699951171875,279.521240234375
2019-11-05,307.0299987792969,279.2120666503906
2019-11-06,307.1000061035156,279.2756652832031
2019-11-07,308.17999267578125,280.2577209472656
2019-11-08,308.94000244140625,280.9489440917969
2019-11-11,308.3500061035156,280.4124450683594
2019-11-12,309.0,281.00347900390625
2019-11-13,309.1000061035156,281.0943908691406
2019-11-14,309.54998779296875,281.50360107421875
2019-11-15,311.7900085449219,283.540771484375
2019-11-18,312.0199890136719,283.7498779296875
2019-11-19,311.92999267578125,283.66802978515625
2019-11-20,310.7699890136719,282.6131896972656
2019-11-21,310.2699890136719,282.158447265625
2019-11-22,310.9599914550781,282.7860412597656
2019-11-25,313.3699951171875,284.9776611328125
2019-11-26,314.0799865722656,285.6231994628906
2019-11-27,315.4800109863281,286.8964538574219
2019-11-29,314.30999755859375,285.83245849609375
2019-12-02,311.6400146484375,283.4043273925781
2019-12-03,309.54998779296875,281.50360107421875
2019-12-04,311.4599914550781,283.2406921386719
2019-12-05,312.0199890136719,283.7498779296875
2019-12-06,314.8699951171875,286.3417053222656
2019-12-09,313.8800048828125,285.44146728515625
2019-12-10,313.5299987792969,285.12310791015625
2019-12-11,314.4200134277344,285.93243408203125
2019-12-12,317.1300048828125,288.39691162109375
2019-12-13,317.32000732421875,288.5697937011719
2019-12-16,319.5,290.55224609375
2019-12-17,319.57000732421875,290.61578369140625
2019-12-18,319.5899963378906,290.6340637207031
2019-12-19,320.8999938964844,291.8253479003906
2019-12-20,320.7300109863281,293.1047058105469
2019-12-23,321.2200012207031,293.5526123046875
2019-12-24,321.2300109863281,293.561767578125
2019-12-26,322.94000244140625,295.1243591308594
2019-12-27,322.8599853515625,295.0513000488281
2019-12-30,321.0799865722656,293.4246826171875
2019-12-31,321.8599853515625,294.13739013671875
2020-01-02,324.8699951171875,296.88818359375
2020-01-03,322.4100036621094,294.6400451660156
2020-01-06,323.6400146484375,295.76409912109375
2020-01-07,322.7300109863281,294.9324645996094
2020-01-08,324.45001220703125,296.5042724609375
2020-01-09,326.6499938964844,298.514892578125
2020-01-10,325.7099914550781,297.65582275390625
2020-01-13,327.95001220703125,299.7028503417969
2020-01-14,327.45001220703125,299.2459716796875
2020-01-15,328.19000244140625,299.9222106933594
2020-01-16,330.9200134277344,302.4170837402344
2020-01-17,331.95001220703125,303.3583679199219
2020-01-21,331.29998779296875,302.7643737792969
2020-01-22,331.3399963378906,302.8009033203125
2020-01-23,331.7200012207031,303.1481018066406
2020-01-24,328.7699890136719,300.4522705078125
2020-01-27,323.5,295.6361389160156
2020-01-28,326.8900146484375,298.7341613769531
2020-01-29,326.6199951171875,298.4874267578125
2020-01-30,327.67999267578125,299.4561462402344
2020-01-31,321.7300109863281,294.0186462402344
2020-02-03,324.1199951171875,296.2027282714844
2020-02-04,329.05999755859375,300.71734619140625
2020-02-05,332.8599853515625,304.19000244140625
2020-02-06,333.9800109863281,305.21356201171875
2020-02-07,332.20001220703125,303.58685302734375
2020-02-10,334.67999267578125,305.85321044921875
2020-02-11,335.260009765625,306.3832092285156
2020-02-12,337.4200134277344,308.3572082519531
2020-02-13,337.05999755859375,308.0281982421875
2020-02-14,337.6000061035156,308.52166748046875
2020-02-18,336.7300109863281,307.72662353515625
2020-02-19,338.3399963378906,309.19793701171875
2020-02-20,336.95001220703125,307.9277038574219
2020-02-21,333.4800109863281,304.7566223144531
2020-02-24,322.4200134277344,294.6492614746094
2020-02-25,312.6499938964844,285.720703125
2020-02-26,311.5,284.6697692871094
2020-02-27,297.510009765625,271.88470458984375
2020-02-28,296.260009765625,270.742431640625
2020-03-02,309.0899963378906,282.46734619140625
2020-03-03,300.239990234375,274.379638671875
2020-03-04,312.8599853515625,285.9125671386719
2020-03-05,302.4599914550781,276.408447265625
2020-03-06,297.4599914550781,271.83905029296875
2020-03-09,274.2300109863281,250.6099090576172
2020-03-10,288.4200134277344,263.57769775390625
2020-03-11,274.3599853515625,250.72866821289062
2020-03-12,248.11000061035156,226.73968505859375
2020-03-13,269.32000732421875,246.122802734375
2020-03-16,239.85000610351562,219.19119262695312
2020-03-17,252.8000030517578,231.0257568359375
2020-03-18,240.0,219.32823181152344
2020-03-19,240.50999450683594,219.79432678222656
2020-03-20,228.8000030517578,210.3224334716797
2020-03-23,222.9499969482422,204.9449005126953
2020-03-24,243.14999389648438,223.5135498046875
2020-03-25,246.7899932861328,226.8595733642578
2020-03-26,261.20001220703125,240.10586547851562
2020-03-27,253.4199981689453,232.9541473388672
2020-03-30,261.6499938964844,240.51959228515625
2020-03-31,257.75,236.93446350097656
2020-04-01,246.14999389648438,226.27127075195312
2020-04-02,251.8300018310547,231.49261474609375
2020-04-03,248.19000244140625,228.14657592773438
2020-04-06,264.8599853515625,243.47027587890625
2020-04-07,265.1300048828125,243.71853637695312
2020-04-08,274.0299987792969,251.89971923828125
2020-04-09,278.20001220703125,255.73289489746094
2020-04-13,275.6600036621094,253.3981170654297
2020-04-14,283.7900085449219,260.8715515136719
2020-04-15,277.760009765625,255.3285369873047
2020-04-16,279.1000061035156,256.5602722167969
2020-04-17,286.6400146484375,263.4913635253906
2020-04-20,281.5899963378906,258.8492431640625
2020-04-21,273.0400085449219,250.98965454101562
2020-04-22,279.1000061035156,256.5602722167969
2020-04-23,279.0799865722656,256.54193115234375
2020-04-24,282.9700012207031,260.11773681640625
2020-04-27,287.04998779296875,263.8682556152344
2020-04-28,285.7300109863281,262.65484619140625
2020-04-29,293.2099914550781,269.5307312011719
2020-04-30,290.4800109863281,267.02130126953125
2020-05-01,282.7900085449219,259.9523010253906
2020-05-04,283.57000732421875,260.6693115234375
2020-05-05,286.19000244140625,263.0776672363281
2020-05-06,284.25,261.2944030761719
2020-05-07,287.67999267578125,264.4473876953125
2020-05-08,292.44000244140625,268.8229675292969
2020-05-11,292.5,268.8782043457031
2020-05-12,286.6700134277344,263.5189514160156
2020-05-13,281.6000061035156,258.8583679199219
2020-05-14,284.9700012207031,261.9562072753906
2020-05-15,286.2799987792969,263.16046142578125
2020-05-18,295.0,271.1762390136719
2020-05-19,291.9700012207031,268.39093017578125
2020-05-20,296.92999267578125,272.9504089355469
2020-05-21,294.8800048828125,271.06591796875
2020-05-22,295.44000244140625,271.5806884765625
2020-05-26,299.0799865722656,274.92669677734375
2020-05-27,303.5299987792969,279.01739501953125
2020-05-28,302.9700012207031,278.5025329589844
2020-05-29,304.32000732421875,279.74365234375
2020-06-01,305.54998779296875,280.8742370605469
2020-06-02,308.0799865722656,283.199951171875
2020-06-03,312.17999267578125,286.96881103515625
2020-06-04,311.3599853515625,286.2149353027344
2020-06-05,319.3399963378906,293.55059814453125
2020-06-08,323.20001220703125,297.0988464355469
2020-06-09,320.7900085449219,294.88348388671875
2020-06-10,319.0,293.2380676269531
2020-06-11,300.6099853515625,276.3331604003906
2020-06-12,304.2099914550781,279.6424255371094
2020-06-15,307.04998779296875,282.2530212402344
2020-06-16,312.9599914550781,287.6857604980469
2020-06-17,311.6600036621094,286.4907531738281
2020-06-18,311.7799987792969,286.60113525390625
2020-06-19,308.6400146484375,284.96319580078125
2020-06-22,310.6199951171875,286.79132080078125
2020-06-23,312.04998779296875,288.11163330078125
2020-06-24,304.0899963378906,280.7622375488281
2020-06-25,307.3500061035156,283.7721862792969
2020-06-26,300.04998779296875,277.0321350097656
2020-06-29,304.4599914550781,281.1038513183594
2020-06-30,308.3599853515625,284.70465087890625
2020-07-01,310.5199890136719,286.698974609375
2020-07-02,312.2300109863281,288.2778625488281
2020-07-06,317.04998779296875,292.7280578613281
2020-07-07,313.7799987792969,289.7088928222656
2020-07-08,316.17999267578125,291.92474365234375
2020-07-09,314.3800048828125,290.262939453125
2020-07-10,317.5899963378906,293.22662353515625
2020-07-13,314.8399963378906,290.6876220703125
2020-07-14,318.9200134277344,294.45458984375
2020-07-15,321.8500061035156,297.15985107421875
2020-07-16,320.7900085449219,296.18109130859375
2020-07-17,321.7200012207031,297.03973388671875
2020-07-20,324.32000732421875,299.4402770996094
2020-07-21,325.010009765625,300.0774841308594
2020-07-22,326.8599853515625,301.7854309082031
2020-07-23,322.9599914550781,298.18463134765625
2020-07-24,320.8800048828125,296.2641906738281
2020-07-27,323.2200012207031,298.42474365234375
2020-07-28,321.1700134277344,296.531982421875
2020-07-29,325.1199951171875,300.178955078125
2020-07-30,323.9599914550781,299.1079406738281
2020-07-31,326.5199890136719,301.4715270996094
2020-08-03,328.7900085449219,303.5673828125
2020-08-04,330.05999755859375,304.74005126953125
2020-08-05,332.1099853515625,306.6327209472656
2020-08-06,334.3299865722656,308.68231201171875
2020-08-07,334.57000732421875,308.9039611816406
2020-08-10,335.57000732421875,309.8273010253906
2020-08-11,332.79998779296875,307.269775390625
2020-08-12,337.44000244140625,311.5538024902344
2020-08-13,336.8299865722656,310.9906311035156
2020-08-14,336.8399963378906,310.9998474121094
2020-08-17,337.9100036621094,311.98773193359375
2020-08-18,338.6400146484375,312.6617736816406
2020-08-19,337.2300109863281,311.3598937988281
2020-08-20,338.2799987792969,312.3293762207031
2020-08-21,339.4800109863281,313.4373474121094
2020-08-24,342.9200134277344,316.6135559082031
2020-08-25,344.1199951171875,317.72137451171875
2020-08-26,347.57000732421875,320.9067077636719
2020-08-27,348.3299865722656,321.6083679199219
2020-08-28,350.5799865722656,323.6858215332031
2020-08-31,349.30999755859375,322.5132751464844
2020-09-01,352.6000061035156,325.5508117675781
2020-09-02,357.70001220703125,330.2596130371094
2020-09-03,345.3900146484375,318.8940124511719
2020-09-04,342.57000732421875,316.29022216796875
2020-09-08,333.2099914550781,307.6482849121094
2020-09-09,339.7900085449219,313.7236022949219
2020-09-10,333.8900146484375,308.2761535644531
2020-09-11,334.05999755859375,308.4331359863281
2020-09-14,338.4599914550781,312.4955749511719
2020-09-15,340.1700134277344,314.0744323730469
2020-09-16,338.82000732421875,312.8279724121094
2020-09-17,335.8399963378906,310.0765075683594
2020-09-18,330.6499938964844,306.50677490234375
2020-09-21,326.9700012207031,303.0954284667969
2020-09-22,330.29998779296875,306.1822509765625
2020-09-23,322.6400146484375,299.0816955566406
2020-09-24,323.5,299.87890625
2020-09-25,328.7300109863281,304.7270202636719
2020-09-28,334.19000244140625,309.7882995605469
2020-09-29,332.3699951171875,308.1011962890625
2020-09-30,334.8900146484375,310.43719482421875
2020-10-01,337.0400085449219,312.4301452636719
2020-10-02,333.8399963378906,309.4638671875
2020-10-05,339.760009765625,314.95166015625
2020-10-06,334.92999267578125,310.47430419921875
2020-10-07,340.760009765625,315.87847900390625
2020-10-08,343.7799987792969,318.67803955078125
2020-10-09,346.8500061035156,321.52386474609375
2020-10-12,352.42999267578125,326.6964416503906
2020-10-13,350.1300048828125,324.5643615722656
2020-10-14,347.92999267578125,322.5249938964844
2020-10-15,347.5,322.12640380859375
2020-10-16,347.2900085449219,321.9317321777344
2020-10-19,342.010009765625,317.03729248046875
2020-10-20,343.3800048828125,318.30718994140625
2020-10-21,342.7300109863281,317.7047424316406
2020-10-22,344.6099853515625,319.4474792480469
2020-10-23,345.7799987792969,320.5320129394531
2020-10-26,339.3900146484375,314.608642578125
2020-10-27,338.2200012207031,313.5240478515625
2020-10-28,326.6600036621094,302.8081359863281
2020-10-29,329.9800109863281,305.8857421875
2020-10-30,326.5400085449219,302.6968994140625
2020-11-02,330.20001220703125,306.0896301269531
2020-11-03,336.0299987792969,311.4939270019531
2020-11-04,343.5400085449219,318.4556579589844
2020-11-05,350.239990234375,324.66632080078125
2020-11-06,350.1600036621094,324.5921936035156
2020-11-09,354.55999755859375,328.67095947265625
2020-11-10,354.0400085449219,328.1888427734375
2020-11-11,356.6700134277344,330.6268615722656
2020-11-12,353.2099914550781,327.4195251464844
2020-11-13,358.1000061035156,331.9524230957031
2020-11-16,362.57000732421875,336.0960388183594
2020-11-17,360.6199951171875,334.2884216308594
2020-11-18,356.2799987792969,330.26531982421875
2020-11-19,357.7799987792969,331.6557922363281
2020-11-20,355.3299865722656,329.38470458984375
2020-11-23,357.4599914550781,331.3591003417969
2020-11-24,363.2200012207031,336.69854736328125
2020-11-25,362.6600036621094,336.17950439453125
2020-11-27,363.6700134277344,337.1158447265625
2020-11-30,362.05999755859375,335.623291015625
2020-12-01,366.0199890136719,339.2941589355469
2020-12-02,366.7900085449219,340.0079040527344
2020-12-03,366.69000244140625,339.9151611328125
2020-12-04,369.8500061035156,342.8445129394531
2020-12-07,369.0899963378906,342.13995361328125
2020-12-08,370.1700134277344,343.14117431640625
2020-12-09,366.8500061035156,340.0634765625
2020-12-10,366.7300109863281,339.9522705078125
2020-12-11,366.29998779296875,339.5536804199219
2020-12-14,364.6600036621094,338.0334167480469
2020-12-15,369.5899963378906,342.60345458984375
2020-12-16,370.1700134277344,343.14117431640625
2020-12-17,372.239990234375,345.0599670410156
2020-12-18,369.17999267578125,343.68212890625
2020-12-21,367.8599853515625,342.453369140625
2020-12-22,367.239990234375,341.876220703125
2020-12-23,367.57000732421875,342.1833190917969
2020-12-24,369.0,343.5146484375
2020-12-28,372.1700134277344,346.4656677246094
2020-12-29,371.4599914550781,345.8046569824219
2020-12-30,371.989990234375,346.2980651855469
2020-12-31,373.8800048828125,348.0575866699219
2021-01-04,368.7900085449219,343.3191223144531
2021-01-05,371.3299865722656,345.68365478515625
2021-01-06,373.54998779296875,347.75042724609375
2021-01-07,379.1000061035156,352.9170227050781
2021-01-08,381.260009765625,354.9278869628906
2021-01-11,378.69000244140625,352.53546142578125
2021-01-12,378.7699890136719,352.60986328125
2021-01-13,379.7900085449219,353.5594177246094
2021-01-14,378.4599914550781,352.3212585449219
2021-01-15,375.70001220703125,349.7518615722656
2021-01-19,378.6499938964844,352.4981384277344
2021-01-20,383.8900146484375,357.3762512207031
2021-01-21,384.239990234375,357.7020263671875
2021-01-22,382.8800048828125,356.4360046386719
2021-01-25,384.3900146484375,357.84173583984375
2021-01-26,383.7900085449219,357.28314208984375
2021-01-27,374.4100036621094,348.551025390625
2021-01-28,377.6300048828125,351.54864501953125
2021-01-29,370.07000732421875,344.5107727050781
2021-02-01,376.2300109863281,350.2452697753906
2021-02-02,381.54998779296875,355.19781494140625
2021-02-03,381.8500061035156,355.4770812988281
2021-02-04,386.19000244140625,359.5174255371094
2021-02-05,387.7099914550781,360.9324035644531
2021-02-08,390.510009765625,363.53900146484375
2021-02-09,390.25,363.29693603515625
2021-02-10,390.0799865722656,363.1387634277344
2021-02-11,390.7099914550781,363.7251892089844
2021-02-12,392.6400146484375,365.52191162109375
2021-02-16,392.29998779296875,365.20538330078125
2021-02-17,392.3900146484375,365.2891845703125
2021-02-18,390.7200012207031,363.7344665527344
2021-02-19,390.0299987792969,363.09210205078125
2021-02-22,387.0299987792969,360.2993469238281
2021-02-23,387.5,360.73681640625
2021-02-24,391.7699890136719,364.7120361328125
2021-02-25,382.3299865722656,355.92401123046875
2021-02-26,380.3599853515625,354.09002685546875
2021-03-01,389.5799865722656,362.67327880859375
2021-03-02,386.5400085449219,359.8432312011719
2021-03-03,381.4200134277344,355.0768127441406
2021-03-04,376.70001220703125,350.6827697753906
2021-03-05,383.6300048828125,357.1341552734375
2021-03-08,381.7200012207031,355.3561096191406
2021-03-09,387.1700134277344,360.4296569824219
2021-03-10,389.5799865722656,362.67327880859375
2021-03-11,393.5299987792969,366.3504638671875
2021-03-12,394.05999755859375,366.8438720703125
2021-03-15,396.4100036621094,369.031494140625
2021-03-16,395.9100036621094,368.5660095214844
2021-03-17,397.260009765625,369.8228759765625
2021-03-18,391.4800109863281,364.4420471191406
2021-03-19,389.4800109863281,363.76776123046875
2021-03-22,392.5899963378906,366.67236328125
2021-03-23,389.5,363.786376953125
2021-03-24,387.5199890136719,361.9370422363281
2021-03-25,389.70001220703125,363.9732360839844
2021-03-26,395.9800109863281,369.838623046875
2021-03-29,395.7799987792969,369.65179443359375
2021-03-30,394.7300109863281,368.67108154296875
2021-03-31,396.3299865722656,370.1654357910156
2021-04-01,400.6099853515625,374.16290283203125
2021-04-05,406.3599853515625,379.5332946777344
2021-04-06,406.1199951171875,379.3091735839844
2021-04-07,406.5899963378906,379.7481384277344
2021-04-08,408.5199890136719,381.55072021484375
2021-04-09,411.489990234375,384.32464599609375
2021-04-12,411.6400146484375,384.4647216796875
2021-04-13,412.8599853515625,385.60418701171875
2021-04-14,411.45001220703125,384.2872619628906
2021-04-15,415.8699951171875,388.41552734375
2021-04-16,417.260009765625,389.7137451171875
2021-04-19,415.2099914550781,387.799072265625
2021-04-20,412.1700134277344,384.9598388671875
2021-04-21,416.07000732421875,388.6023254394531
2021-04-22,412.2699890136719,385.0532531738281
2021-04-23,416.739990234375,389.22808837890625
2021-04-26,417.6099853515625,390.0406494140625
2021-04-27,417.5199890136719,389.9565734863281
2021-04-28,417.3999938964844,389.84442138671875
2021-04-29,420.05999755859375,392.3288269042969
2021-04-30,417.29998779296875,389.7510681152344
2021-05-03,418.20001220703125,390.5917053222656
2021-05-04,415.6199951171875,388.1820068359375
2021-05-05,415.75,388.3034362792969
2021-05-06,419.07000732421875,391.4042053222656
2021-05-07,422.1199951171875,394.2528991699219
2021-05-10,417.94000244140625,390.3487854003906
2021-05-11,414.2099914550781,386.8651123046875
2021-05-12,405.4100036621094,378.6459655761719
2021-05-13,410.2799987792969,383.1944885253906
2021-05-14,416.5799865722656,389.0786437988281
2021-05-17,415.5199890136719,388.0885314941406
2021-05-18,411.94000244140625,384.7449645996094
2021-05-19,410.8599853515625,383.73626708984375
2021-05-20,415.2799987792969,387.86444091796875
2021-05-21,414.94000244140625,387.546875
2021-05-24,419.1700134277344,391.4975891113281
2021-05-25,418.239990234375,390.6290588378906
2021-05-26,419.07000732421875,391.4042053222656
2021-05-27,419.2900085449219,391.6097106933594
2021-05-28,420.0400085449219,392.3102111816406
2021-06-01,419.6700134277344,391.964599609375
2021-06-02,420.3299865722656,392.5810241699219
2021-06-03,418.7699890136719,391.1240539550781
2021-06-04,422.6000061035156,394.7012634277344
2021-06-07,422.19000244140625,394.3182678222656
2021-06-08,422.2799987792969,394.4023132324219
2021-06-09,421.6499938964844,393.8139343261719
2021-06-10,423.6099853515625,395.6445007324219
2021-06-11,424.30999755859375,396.29833984375
2021-06-14,425.260009765625,397.1856994628906
2021-06-15,424.4800109863281,396.4571228027344
2021-06-16,422.1099853515625,394.2434997558594
2021-06-17,421.9700012207031,394.1127624511719
2021-06-18,414.9200134277344,388.7960205078125
2021-06-21,420.8599853515625,394.362060546875
2021-06-22,423.1099853515625,396.4704284667969
2021-06-23,422.6000061035156,395.9925537109375
2021-06-24,425.1000061035156,398.3350830078125
2021-06-25,426.6099853515625,399.7499694824219
2021-06-28,427.4700012207031,400.5558776855469
2021-06-29,427.70001220703125,400.7714538574219
2021-06-30,428.05999755859375,401.1087341308594
2021-07-01,430.42999267578125,403.3294982910156
2021-07-02,433.7200012207031,406.412353515625
2021-07-06,432.92999267578125,405.6720886230469
2021-07-07,434.4599914550781,407.10577392578125
2021-07-08,430.9200134277344,403.7887268066406
2021-07-09,435.5199890136719,408.0989990234375
2021-07-12,437.0799865722656,409.560791015625
2021-07-13,435.5899963378906,408.1645812988281
2021-07-14,436.239990234375,408.773681640625
2021-07-15,434.75,407.37750244140625
2021-07-16,431.3399963378906,404.18218994140625
2021-07-19,424.9700012207031,398.2132873535156
2021-07-20,431.05999755859375,403.9198913574219
2021-07-21,434.54998779296875,407.1900939941406
2021-07-22,435.4599914550781,408.0428466796875
2021-07-23,439.94000244140625,412.24078369140625
2021-07-26,441.0199890136719,413.25274658203125
2021-07-27,439.010009765625,411.36932373046875
2021-07-28,438.8299865722656,411.20062255859375
2021-07-29,440.6499938964844,412.906005859375
2021-07-30,438.510009765625,410.90081787109375
2021-08-02,437.5899963378906,410.0386962890625
2021-08-03,441.1499938964844,413.3745422363281
2021-08-04,438.9800109863281,411.3411865234375
2021-08-05,441.760009765625,413.9461669921875
2021-08-06,442.489990234375,414.630126953125
2021-08-09,442.1300048828125,414.2928771972656
2021-08-10,442.67999267578125,414.8081970214844
2021-08-11,443.7799987792969,415.8389587402344
2021-08-12,445.1099853515625,417.08526611328125
2021-08-13,445.9200134277344,417.8442687988281
2021-08-16,446.9700012207031,418.828125
2021-08-17,444.0400085449219,416.08258056640625
2021-08-18,439.17999267578125,411.5285949707031
2021-08-19,439.8599853515625,412.1657409667969
2021-08-20,443.3599853515625,415.4454345703125
2021-08-23,447.260009765625,419.09991455078125
2021-08-24,447.9700012207031,419.76513671875
2021-08-25,448.9100036621094,420.64599609375
2021-08-26,446.260009765625,418.1628723144531
2021-08-27,450.25,421.9015808105469
2021-08-30,452.2300109863281,423.7569274902344
2021-08-31,451.55999755859375,423.1291198730469
2021-09-01,451.79998779296875,423.3539733886719
2021-09-02,453.19000244140625,424.6565246582031
2021-09-03,453.0799865722656,424.5533752441406
2021-09-07,451.4599914550781,423.0354309082031
2021-09-08,450.9100036621094,422.5200500488281
2021-09-09,448.9800109863281,420.71160888671875
2021-09-10,445.44000244140625,417.3944396972656
2021-09-13,446.5799865722656,418.4626770019531
2021-09-14,444.1700134277344,416.2044372558594
2021-09-15,447.8800048828125,419.68084716796875
2021-09-16,447.1700134277344,419.01556396484375
2021-09-17,441.3999938964844,414.933837890625
2021-09-20,434.0400085449219,408.0151672363281
2021-09-21,433.6300048828125,407.62982177734375
2021-09-22,437.8599853515625,411.6061096191406
2021-09-23,443.17999267578125,416.6071472167969
2021-09-24,443.9100036621094,417.2933349609375
2021-09-27,442.6400146484375,416.0994873046875
2021-09-28,433.7200012207031,407.71435546875
2021-09-29,434.45001220703125,408.400634765625
2021-09-30,429.1400146484375,403.40899658203125
2021-10-01,434.239990234375,408.2031555175781
2021-10-04,428.6400146484375,402.93896484375
2021-10-05,433.1000061035156,407.1315612792969
2021-10-06,434.8999938964844,408.8236389160156
2021-10-07,438.6600036621094,412.35821533203125
2021-10-08,437.8599853515625,411.6061096191406
2021-10-11,434.69000244140625,408.62628173828125
2021-10-12,433.6199951171875,407.620361328125
2021-10-13,435.17999267578125,409.08685302734375
2021-10-14,442.5,415.9679260253906
2021-10-15,445.8699951171875,419.1358337402344
2021-10-18,447.19000244140625,420.3766784667969
2021-10-19,450.6400146484375,423.6199035644531
2021-10-20,452.4100036621094,425.2837829589844
2021-10-21,453.5899963378906,426.39300537109375
2021-10-22,453.1199951171875,425.9511413574219
2021-10-25,455.54998779296875,428.2354431152344
2021-10-26,455.9599914550781,428.6208801269531
2021-10-27,453.94000244140625,426.7220458984375
2021-10-28,458.32000732421875,430.8393859863281
2021-10-29,459.25,431.713623046875
2021-11-01,460.0400085449219,432.45623779296875
2021-11-02,461.8999938964844,434.2047119140625
2021-11-03,464.7200012207031,436.8556823730469
2021-11-04,466.9100036621094,438.914306640625
2021-11-05,468.5299987792969,440.4372253417969
2021-11-08,468.92999267578125,440.813232421875
2021-11-09,467.3800048828125,439.3561706542969
2021-11-10,463.6199951171875,435.8216247558594
2021-11-11,463.7699890136719,435.96258544921875
2021-11-12,467.2699890136719,439.252685546875
2021-11-15,467.42999267578125,439.40313720703125
2021-11-16,469.2799987792969,441.1422119140625
2021-11-17,468.1400146484375,440.07061767578125
2021-11-18,469.7300109863281,441.56524658203125
2021-11-19,468.8900146484375,440.7756652832031
2021-11-22,467.57000732421875,439.5348205566406
2021-11-23,468.19000244140625,440.1175842285156
2021-11-24,469.44000244140625,441.2925720214844
2021-11-26,458.9700012207031,431.4504089355469
2021-11-29,464.6000061035156,436.7428283691406
2021-11-30,455.55999755859375,428.244873046875
2021-12-01,450.5,423.48828125
2021-12-02,457.3999938964844,429.9745178222656
2021-12-03,453.4200134277344,426.2331848144531
2021-12-06,458.7900085449219,431.28118896484375
2021-12-07,468.2799987792969,440.2021789550781
2021-12-08,469.5199890136719,441.3677978515625
2021-12-09,466.3500061035156,438.387939453125
2021-12-10,470.739990234375,442.5146484375
2021-12-13,466.57000732421875,438.59478759765625
2021-12-14,463.3599853515625,435.5771789550781
2021-12-15,470.6000061035156,442.3830871582031
2021-12-16,466.45001220703125,438.48187255859375
2021-12-17,459.8699951171875,433.815185546875
2021-12-20,454.9800109863281,429.2023010253906
2021-12-21,463.05999755859375,436.8244934082031
2021-12-22,467.69000244140625,441.192138671875
2021-12-23,470.6000061035156,443.9372253417969
2021-12-27,477.260009765625,450.21990966796875
2021-12-28,476.8699951171875,449.8520202636719
2021-12-29,477.4800109863281,450.4274597167969
2021-12-30,476.1600036621094,449.1822814941406
2021-12-31,474.9599914550781,448.0502624511719
2022-01-03,477.7099914550781,450.6444396972656
2022-01-04,477.54998779296875,450.49346923828125
2022-01-05,468.3800048828125,441.84295654296875
2022-01-06,467.94000244140625,441.4280700683594
2022-01-07,466.0899963378906,439.6827392578125
2022-01-10,465.510009765625,439.13568115234375
2022-01-11,469.75,443.13543701171875
2022-01-12,471.0199890136719,444.33349609375
2022-01-13,464.5299987792969,438.21112060546875
2022-01-14,464.7200012207031,438.390380859375
2022-01-18,456.489990234375,430.6266784667969
2022-01-19,451.75,426.1552734375
2022-01-20,446.75,421.43853759765625
2022-01-21,437.9800109863281,413.16552734375
2022-01-24,439.8399963378906,414.92010498046875
2022-01-25,434.4700012207031,409.85430908203125
2022-01-26,433.3800048828125,408.8260498046875
2022-01-27,431.239990234375,406.8072814941406
2022-01-28,441.95001220703125,416.9104919433594
2022-01-31,449.9100036621094,424.4195556640625
2022-02-01,452.95001220703125,427.28729248046875
2022-02-02,457.3500061035156,431.43792724609375
2022-02-03,446.6000061035156,421.29705810546875
2022-02-04,448.70001220703125,423.278076171875
2022-02-07,447.260009765625,421.919677734375
2022-02-08,450.94000244140625,425.3912353515625
2022-02-09,457.5400085449219,431.6171875
2022-02-10,449.32000732421875,423.8629150390625
2022-02-11,440.4599914550781,415.50494384765625
2022-02-14,439.0199890136719,414.1465148925781
2022-02-15,446.1000061035156,420.825439453125
2022-02-16,446.6000061035156,421.29705810546875
2022-02-17,437.05999755859375,412.297607421875
2022-02-18,434.2300109863281,409.62786865234375
2022-02-22,429.57000732421875,405.23193359375
2022-02-23,421.95001220703125,398.0436096191406
2022-02-24,428.29998779296875,404.033935546875
2022-02-25,437.75,412.948486328125
2022-02-28,436.6300048828125,411.89190673828125
2022-03-01,429.9800109863281,405.6187438964844
2022-03-02,437.8900146484375,413.08056640625
2022-03-03,435.7099914550781,411.0240478515625
2022-03-04,432.1700134277344,407.6845703125
2022-03-07,419.42999267578125,395.6664123535156
2022-03-08,416.25,392.6665344238281
2022-03-09,427.4100036621094,403.19427490234375
2022-03-10,425.4800109863281,401.37371826171875
2022-03-11,420.07000732421875,396.2701416015625
2022-03-14,417.0,393.3741455078125
2022-03-15,426.1700134277344,402.0245361328125
2022-03-16,435.6199951171875,410.9391784667969
2022-03-17,441.07000732421875,416.08038330078125
2022-03-18,444.5199890136719,420.63763427734375
2022-03-21,444.3900146484375,420.51458740234375
2022-03-22,449.5899963378906,425.4351501464844
2022-03-23,443.79998779296875,419.9562683105469
2022-03-24,450.489990234375,426.286865234375
2022-03-25,452.69000244140625,428.36865234375
2022-03-28,455.9100036621094,431.4156494140625
2022-03-29,461.54998779296875,436.7525939941406
2022-03-30,458.70001220703125,434.0557556152344
2022-03-31,451.6400146484375,427.3750915527344
2022-04-01,452.9200134277344,428.5863037109375
2022-04-04,456.79998779296875,432.25787353515625
2022-04-05,451.0299987792969,426.7978515625
2022-04-06,446.5199890136719,422.5301208496094
2022-04-07,448.7699890136719,424.65924072265625
2022-04-08,447.57000732421875,423.52374267578125
2022-04-11,439.9200134277344,416.28472900390625
2022-04-12,438.2900085449219,414.7423095703125
2022-04-13,443.30999755859375,419.49261474609375
2022-04-14,437.7900085449219,414.2691650390625
2022-04-18,437.9700012207031,414.43951416015625
2022-04-19,445.0400085449219,421.129638671875
2022-04-20,444.7099914550781,420.8174133300781
2022-04-21,438.05999755859375,414.52471923828125
2022-04-22,426.0400085449219,403.1504821777344
2022-04-25,428.510009765625,405.48779296875
2022-04-26,416.1000061035156,393.7444763183594
2022-04-27,417.2699890136719,394.8515930175781
2022-04-28,427.80999755859375,404.8254089355469
2022-04-29,412.0,389.86480712890625
2022-05-02,414.4800109863281,392.2115478515625
2022-05-03,416.3800048828125,394.0094909667969
2022-05-04,429.05999755859375,406.0082092285156
2022-05-05,413.80999755859375,391.5775146484375
2022-05-06,411.3399963378906,389.24017333984375
2022-05-09,398.1700134277344,376.7778015136719
2022-05-10,399.0899963378906,377.64837646484375
2022-05-11,392.75,371.6490173339844
2022-05-12,392.3399963378906,371.260986328125
2022-05-13,401.7200012207031,380.13702392578125
2022-05-16,400.0899963378906,378.59466552734375
2022-05-17,408.32000732421875,386.3824768066406
2022-05-18,391.8599853515625,370.8067626953125
2022-05-19,389.4599914550781,368.5357360839844
2022-05-20,389.6300048828125,368.6966857910156
2022-05-23,396.9200134277344,375.594970703125
2022-05-24,393.8900146484375,372.727783203125
2022-05-25,397.3699951171875,376.02081298828125
2022-05-26,405.30999755859375,383.5341796875
2022-05-27,415.260009765625,392.94964599609375
2022-05-31,412.92999267578125,390.7447204589844
2022-06-01,409.5899963378906,387.58428955078125
2022-06-02,417.3900146484375,394.9651794433594
2022-06-03,410.5400085449219,388.4831848144531
2022-06-06,411.7900085449219,389.6661071777344
2022-06-07,415.739990234375,393.4037780761719
2022-06-08,411.2200012207031,389.126708984375
2022-06-09,401.44000244140625,379.87213134765625
2022-06-10,389.79998779296875,368.85748291015625
2022-06-13,375.0,354.8526611328125
2022-06-14,373.8699951171875,353.7833557128906
2022-06-15,379.20001220703125,358.8270568847656
2022-06-16,366.6499938964844,346.9512634277344
2022-06-17,365.8599853515625,347.69915771484375
2022-06-21,375.07000732421875,356.4520263671875
2022-06-22,374.3900146484375,355.80584716796875
2022-06-23,378.05999755859375,359.2935791015625
2022-06-24,390.0799865722656,370.7168884277344
2022-06-27,388.5899963378906,369.3009033203125
2022-06-28,380.6499938964844,361.7550048828125
2022-06-29,380.3399963378906,361.46051025390625
2022-06-30,377.25,358.5238342285156
2022-07-01,381.239990234375,362.3157653808594
2022-07-05,381.9599914550781,363.0
2022-07-06,383.25,364.22601318359375
2022-07-07,388.989990234375,369.68109130859375
2022-07-08,388.6700134277344,369.3769226074219
2022-07-11,384.2300109863281,365.1573181152344
2022-07-12,380.8299865722656,361.92608642578125
2022-07-13,378.8299865722656,360.0254211425781
2022-07-14,377.9100036621094,359.1510314941406
2022-07-15,385.1300048828125,366.0126647949219
2022-07-18,381.95001220703125,362.9905090332031
2022-07-19,392.2699890136719,372.7982482910156
2022-07-20,394.7699890136719,375.1741027832031
2022-07-21,398.7900085449219,378.99456787109375
2022-07-22,395.0899963378906,375.478271484375
2022-07-25,395.57000732421875,375.9344482421875
2022-07-26,390.8900146484375,371.48681640625
2022-07-27,401.0400085449219,381.13287353515625
2022-07-28,406.07000732421875,385.9132080078125
2022-07-29,411.989990234375,391.53936767578125
2022-08-01,410.7699890136719,390.3798828125
2022-08-02,408.05999755859375,387.8044738769531
2022-08-03,414.45001220703125,393.8773193359375
2022-08-04,414.1700134277344,393.6112365722656
2022-08-05,413.4700012207031,392.94598388671875
2022-08-08,412.989990234375,392.4897155761719
2022-08-09,411.3500061035156,390.93109130859375
2022-08-10,419.989990234375,399.14227294921875
2022-08-11,419.989990234375,399.14227294921875
2022-08-12,427.1000061035156,405.89935302734375
2022-08-15,428.8599853515625,407.5719299316406
2022-08-16,429.70001220703125,408.3702392578125
2022-08-17,426.6499938964844,405.4716796875
2022-08-18,427.8900146484375,406.6501770019531
2022-08-19,422.1400146484375,401.1855773925781
2022-08-22,413.3500061035156,392.8318786621094
2022-08-23,412.3500061035156,391.8814697265625
2022-08-24,413.6700134277344,393.135986328125
2022-08-25,419.510009765625,398.6860656738281
2022-08-26,405.30999755859375,385.1909484863281
2022-08-29,402.6300048828125,382.64404296875
2022-08-30,398.2099914550781,378.4433898925781
2022-08-31,395.17999267578125,375.5638427734375
2022-09-01,396.4200134277344,376.7422180175781
2022-09-02,392.239990234375,372.76971435546875
2022-09-06,390.760009765625,371.3632507324219
2022-09-07,397.7799987792969,378.03472900390625
2022-09-08,400.3800048828125,380.5057067871094
2022-09-09,406.6000061035156,386.41693115234375
2022-09-12,410.9700012207031,390.5700378417969
2022-09-13,393.1000061035156,373.5870361328125
2022-09-14,394.6000061035156,375.0125427246094
2022-09-15,390.1199951171875,370.7549743652344
2022-09-16,385.55999755859375,367.926513671875
2022-09-19,388.54998779296875,370.77978515625
2022-09-20,384.0899963378906,366.52374267578125
2022-09-21,377.3900146484375,360.13018798828125
2022-09-22,374.2200012207031,357.1051940917969
2022-09-23,367.95001220703125,351.12188720703125
2022-09-26,364.30999755859375,347.6484069824219
2022-09-27,363.3800048828125,346.76092529296875
2022-09-28,370.5299987792969,353.58392333984375
2022-09-29,362.7900085449219,346.1979064941406
2022-09-30,357.17999267578125,340.8444519042969
2022-10-03,366.6099853515625,349.8431701660156
2022-10-04,377.9700012207031,360.6836242675781
2022-10-05,377.0899963378906,359.8438720703125
2022-10-06,373.20001220703125,356.1318054199219
2022-10-07,362.7900085449219,346.1979064941406
2022-10-10,360.0199890136719,343.5545959472656
2022-10-11,357.739990234375,341.3788757324219
2022-10-12,356.55999755859375,340.2528076171875
2022-10-13,365.9700012207031,349.23248291015625
2022-10-14,357.6300048828125,341.2739562988281
2022-10-17,366.82000732421875,350.0435791015625
2022-10-18,371.1300048828125,354.156494140625
2022-10-19,368.5,351.6467590332031
2022-10-20,365.4100036621094,348.6981201171875
2022-10-21,374.2900085449219,357.17193603515625
2022-10-24,378.8699951171875,361.5425109863281
2022-10-25,384.9200134277344,367.3157958984375
2022-10-26,382.0199890136719,364.5484619140625
2022-10-27,379.9800109863281,362.6016845703125
2022-10-28,389.0199890136719,371.2282409667969
2022-10-31,386.2099914550781,368.5467834472656
2022-11-01,384.5199890136719,366.93408203125
2022-11-02,374.8699951171875,357.72540283203125
2022-11-03,371.010009765625,354.0419616699219
2022-11-04,376.3500061035156,359.13775634765625
2022-11-07,379.95001220703125,362.5730895996094
2022-11-08,382.0,364.52935791015625
2022-11-09,374.1300048828125,357.01922607421875
2022-11-10,394.69000244140625,376.6389465332031
2022-11-11,398.510009765625,380.2842712402344
2022-11-14,395.1199951171875,377.0492858886719
2022-11-15,398.489990234375,380.26513671875
2022-11-16,395.45001220703125,377.3642272949219
2022-11-17,394.239990234375,376.20953369140625
2022-11-18,396.0299987792969,377.9176940917969
2022-11-21,394.5899963378906,376.54351806640625
2022-11-22,399.8999938964844,381.61065673828125
2022-11-23,402.4200134277344,384.01544189453125
2022-11-25,402.3299865722656,383.9295654296875
2022-11-28,395.9100036621094,377.8031921386719
2022-11-29,395.2300109863281,377.1542663574219
2022-11-30,407.67999267578125,389.0348815917969
2022-12-01,407.3800048828125,388.74859619140625
2022-12-02,406.9100036621094,388.3001403808594
2022-12-05,399.5899963378906,381.3148498535156
2022-12-06,393.8299865722656,375.8182678222656
2022-12-07,393.1600036621094,375.178955078125
2022-12-08,396.239990234375,378.11810302734375
2022-12-09,393.2799987792969,375.2934265136719
2022-12-12,398.95001220703125,380.7041320800781
2022-12-13,401.9700012207031,383.5860290527344
2022-12-14,399.3999938964844,381.1335144042969
2022-12-15,389.6300048828125,371.81036376953125
2022-12-16,383.2699890136719,367.4208068847656
2022-12-19,380.0199890136719,364.3050842285156
2022-12-20,380.5400085449219,364.8036193847656
2022-12-21,386.2300109863281,370.25836181640625
2022-12-22,380.7200012207031,364.9762268066406
2022-12-23,382.9100036621094,367.07562255859375
2022-12-27,381.3999938964844,365.6281433105469
2022-12-28,376.6600036621094,361.0840759277344
2022-12-29,383.44000244140625,367.583740234375
2022-12-30,382.42999267578125,366.615478515625
2023-01-03,380.82000732421875,365.072021484375
2023-01-04,383.760009765625,367.8905029296875
2023-01-05,379.3800048828125,363.691650390625
2023-01-06,388.0799865722656,372.0318603515625
2023-01-09,387.8599853515625,371.8209228515625
2023-01-10,390.5799865722656,374.428466796875
2023-01-11,395.5199890136719,379.1641540527344
2023-01-12,396.9599914550781,380.5445556640625
2023-01-13,398.5,382.02093505859375
2023-01-17,397.7699890136719,381.3211669921875
2023-01-18,391.489990234375,375.30078125
2023-01-19,388.6400146484375,372.56866455078125
2023-01-20,395.8800048828125,379.50927734375
2023-01-23,400.6300048828125,384.0628662109375
2023-01-24,400.20001220703125,383.650634765625
2023-01-25,400.3500061035156,383.7944030761719
2023-01-26,404.75,388.0125427246094
2023-01-27,405.67999267578125,388.9040222167969
2023-01-30,400.5899963378906,384.0245056152344
2023-01-31,406.4800109863281,389.6709289550781
2023-02-01,410.79998779296875,393.8122253417969
2023-02-02,416.7799987792969,399.5450439453125
2023-02-03,412.3500061035156,395.2982482910156
2023-02-06,409.8299865722656,392.8824462890625
2023-02-07,415.19000244140625,398.0207214355469
2023-02-08,410.6499938964844,393.66851806640625
2023-02-09,407.0899963378906,390.2557373046875
2023-02-10,408.0400085449219,391.16644287109375
2023-02-13,412.8299865722656,395.75830078125
2023-02-14,412.6400146484375,395.57623291015625
2023-02-15,413.9800109863281,396.86083984375
2023-02-16,408.2799987792969,391.39654541015625
2023-02-17,407.260009765625,390.418701171875
2023-02-21,399.0899963378906,382.5865783691406
2023-02-22,398.5400085449219,382.059326171875
2023-02-23,400.6600036621094,384.0916442871094
2023-02-24,396.3800048828125,379.988525390625
2023-02-27,397.7300109863281,381.2828063964844
2023-02-28,396.260009765625,379.8736267089844
2023-03-01,394.739990234375,378.4163818359375
2023-03-02,397.80999755859375,381.3594970703125
2023-03-03,404.19000244140625,387.47564697265625
2023-03-06,404.4700012207031,387.7440490722656
2023-03-07,398.2699890136719,381.80047607421875
2023-03-08,398.9200134277344,382.423583984375
2023-03-09,391.55999755859375,375.36798095703125
2023-03-10,385.9100036621094,369.95159912109375
2023-03-13,385.3599853515625,369.42431640625
2023-03-14,391.7300109863281,375.5309143066406
2023-03-15,389.2799987792969,373.18218994140625
2023-03-16,396.1099853515625,379.7297668457031
2023-03-17,389.989990234375,375.28961181640625
2023-03-20,393.739990234375,378.8983459472656
2023-03-21,398.9100036621094,383.87347412109375
2023-03-22,392.1099853515625,377.329833984375
2023-03-23,393.1700134277344,378.3498229980469
2023-03-24,395.75,380.83258056640625
2023-03-27,396.489990234375,381.544677734375
2023-03-28,395.6000061035156,380.6882629394531
2023-03-29,401.3500061035156,386.22149658203125
2023-03-30,403.70001220703125,388.4828796386719
2023-03-31,409.3900146484375,393.9584655761719
2023-04-03,410.95001220703125,395.4596252441406
2023-04-04,408.6700134277344,393.26556396484375
2023-04-05,407.6000061035156,392.2359313964844
2023-04-06,409.19000244140625,393.7659606933594
2023-04-10,409.6099853515625,394.170166015625
2023-04-11,409.7200012207031,394.2760009765625
2023-04-12,408.04998779296875,392.6689147949219
2023-04-13,413.4700012207031,397.8846435546875
2023-04-14,412.4599914550781,396.9127502441406
2023-04-17,413.94000244140625,398.3369445800781
2023-04-18,414.2099914550781,398.5967712402344
2023-04-19,414.1400146484375,398.5294494628906
2023-04-20,411.8800048828125,396.3545837402344
2023-04-21,412.20001220703125,396.66253662109375
2023-04-24,412.6300048828125,397.0762634277344
2023-04-25,406.0799865722656,390.773193359375
2023-04-26,404.3599853515625,389.1180725097656
2023-04-27,412.4100036621094,396.8645935058594
2023-04-28,415.92999267578125,400.251953125
2023-05-01,415.510009765625,399.8477478027344
2023-05-02,410.8399963378906,395.3537902832031
2023-05-03,408.0199890136719,392.64007568359375
2023-05-04,405.1300048828125,389.8590087890625
2023-05-05,412.6300048828125,397.0762634277344
2023-05-08,412.739990234375,397.1820983886719
2023-05-09,410.92999267578125,395.4403076171875
2023-05-10,412.8500061035156,397.2879638671875
2023-05-11,412.1300048828125,396.59521484375
2023-05-12,411.5899963378906,396.07550048828125
2023-05-15,413.010009765625,397.4419860839844
2023-05-16,410.25,394.78607177734375
2023-05-17,415.2300109863281,399.5782775878906
2023-05-18,419.2300109863281,403.4275817871094
2023-05-19,418.6199951171875,402.84051513671875
2023-05-22,418.7900085449219,403.0041198730469
2023-05-23,414.0899963378906,398.4812927246094
2023-05-24,411.0899963378906,395.59429931640625
2023-05-25,414.6499938964844,399.0201110839844
2023-05-26,420.0199890136719,404.187744140625
2023-05-30,420.17999267578125,404.34173583984375
2023-05-31,417.8500061035156,402.0995788574219
2023-06-01,421.82000732421875,405.9198913574219
2023-06-02,427.9200134277344,411.7900085449219
2023-06-05,427.1000061035156,411.0008850097656
2023-06-06,428.0299987792969,411.8958435058594
2023-06-07,426.54998779296875,410.47161865234375
2023-06-08,429.1300048828125,412.954345703125
2023-06-09,429.8999938964844,413.69537353515625
2023-06-12,433.79998779296875,417.44830322265625
2023-06-13,436.6600036621094,420.20050048828125
2023-06-14,437.17999267578125,420.700927734375
2023-06-15,442.6000061035156,425.9166564941406
2023-06-16,439.4599914550781,424.46588134765625
2023-06-20,437.17999267578125,422.263671875
2023-06-21,434.94000244140625,420.10009765625
2023-06-22,436.510009765625,421.6164855957031
2023-06-23,433.2099914550781,418.4291076660156
2023-06-26,431.44000244140625,416.7195129394531
2023-06-27,436.1700134277344,421.28814697265625
2023-06-28,436.3900146484375,421.5006103515625
2023-06-29,438.1099853515625,423.16192626953125
2023-06-30,443.2799987792969,428.155517578125
2023-07-03,443.7900085449219,428.6481628417969
2023-07-05,443.1300048828125,428.0106506347656
2023-07-06,439.6600036621094,424.6590881347656
2023-07-07,438.54998779296875,423.58685302734375
2023-07-10,439.6600036621094,424.6590881347656
2023-07-11,442.4599914550781,427.363525390625
2023-07-12,446.0199890136719,430.8020324707031
2023-07-13,449.55999755859375,434.2212829589844
2023-07-14,449.2799987792969,433.9508056640625
2023-07-17,450.8399963378906,435.45758056640625
2023-07-18,454.19000244140625,438.6932678222656
2023-07-19,455.20001220703125,439.6688537597656
2023-07-20,452.17999267578125,436.7518310546875
2023-07-21,452.17999267578125,436.7518310546875
2023-07-24,454.20001220703125,438.7029724121094
2023-07-25,455.44000244140625,439.9006652832031
2023-07-26,455.510009765625,439.9682922363281
2023-07-27,452.489990234375,437.05133056640625
2023-07-28,456.9200134277344,441.33013916015625
2023-07-31,457.7900085449219,442.1705017089844
2023-08-01,456.4800109863281,440.9051208496094
2023-08-02,450.1300048828125,434.77178955078125
2023-08-03,448.8399963378906,433.52581787109375
2023-08-04,446.80999755859375,431.5650634765625
2023-08-07,450.7099914550781,435.33203125
2023-08-08,448.75,433.43890380859375
2023-08-09,445.75,430.5412292480469
2023-08-10,445.9100036621094,430.6957702636719
2023-08-11,445.6499938964844,430.44464111328125
2023-08-14,448.1099853515625,432.82073974609375
2023-08-15,442.8900146484375,427.77886962890625
2023-08-16,439.6400146484375,424.6397399902344
2023-08-17,436.2900085449219,421.404052734375
2023-08-18,436.5,421.6068115234375
2023-08-21,439.3399963378906,424.3500061035156
2023-08-22,438.1499938964844,423.2005310058594
2023-08-23,443.0299987792969,427.91412353515625
2023-08-24,436.8900146484375,421.98358154296875
2023-08-25,439.9700012207031,424.95843505859375
2023-08-28,442.760009765625,427.6532897949219
2023-08-29,449.1600036621094,433.83489990234375
2023-08-30,451.010009765625,435.62176513671875
2023-08-31,450.3500061035156,434.98431396484375
2023-09-01,451.19000244140625,435.7956237792969
2023-09-05,449.239990234375,433.91217041015625
2023-09-06,446.2200012207031,430.99517822265625
2023-09-07,444.8500061035156,429.6719970703125
2023-09-08,445.5199890136719,430.3190612792969
2023-09-11,448.45001220703125,433.1491394042969
2023-09-12,445.989990234375,430.7730407714844
2023-09-13,446.510009765625,431.2753601074219
2023-09-14,450.3599853515625,434.99395751953125
2023-09-15,443.3699951171875,429.7530212402344
2023-09-18,443.6300048828125,430.00506591796875
2023-09-19,442.7099914550781,429.1132507324219
2023-09-20,438.6400146484375,425.16827392578125
2023-09-21,431.3900146484375,418.1409606933594
2023-09-22,430.4200134277344,417.20074462890625
2023-09-25,432.2300109863281,418.9552001953125
2023-09-26,425.8800048828125,412.8002014160156
2023-09-27,426.04998779296875,412.9649353027344
2023-09-28,428.5199890136719,415.3591003417969
2023-09-29,427.4800109863281,414.35101318359375
2023-10-02,427.30999755859375,414.1862487792969
2023-10-03,421.5899963378906,408.64190673828125
2023-10-04,424.6600036621094,411.6176452636719
2023-10-05,424.5,411.4625549316406
2023-10-06,429.5400085449219,416.34771728515625
2023-10-09,432.2900085449219,419.0133056640625
2023-10-10,434.5400085449219,421.1942443847656
2023-10-11,436.32000732421875,422.9195556640625
2023-10-12,433.6600036621094,420.34124755859375
2023-10-13,431.5,418.24755859375
2023-10-16,436.0400085449219,422.64813232421875
2023-10-17,436.0199890136719,422.6287536621094
2023-10-18,430.2099914550781,416.9972229003906
2023-10-19,426.42999267578125,413.33331298828125
2023-10-20,421.19000244140625,408.25421142578125
2023-10-23,420.4599914550781,407.546630859375
2023-10-24,423.6300048828125,410.6192321777344
2023-10-25,417.54998779296875,404.7260437011719
2023-10-26,412.54998779296875,399.8795166015625
2023-10-27,410.67999267578125,398.0670471191406
2023-10-30,415.5899963378906,402.82623291015625
2023-10-31,418.20001220703125,405.3560791015625
2023-11-01,422.6600036621094,409.6790466308594
2023-11-02,430.760009765625,417.5303039550781
2023-11-03,434.69000244140625,421.3395690917969
2023-11-06,435.69000244140625,422.3088684082031
2023-11-07,436.92999267578125,423.5108337402344
2023-11-08,437.25,423.8209533691406
2023-11-09,433.8399963378906,420.5157165527344
2023-11-10,440.6099853515625,427.0777587890625
2023-11-13,440.19000244140625,426.67071533203125
2023-11-14,448.7300109863281,434.94842529296875
2023-11-15,449.67999267578125,435.86920166015625
2023-11-16,450.2300109863281,436.40234375
2023-11-17,450.7900085449219,436.9451599121094
2023-11-20,454.260009765625,440.3086242675781
2023-11-21,453.2699890136719,439.3489074707031
2023-11-22,455.0199890136719,441.045166015625
2023-11-24,455.29998779296875,441.3165588378906
2023-11-27,454.4800109863281,440.52178955078125
2023-11-28,454.92999267578125,440.95794677734375
2023-11-29,454.6099853515625,440.6477966308594
2023-11-30,456.3999938964844,442.3828125
2023-12-01,459.1000061035156,444.9999084472656
2023-12-04,456.69000244140625,442.6639099121094
2023-12-05,456.6000061035156,442.5766906738281
2023-12-06,454.760009765625,440.7931823730469
2023-12-07,458.2300109863281,444.15667724609375
2023-12-08,460.20001220703125,446.0661315917969
2023-12-11,461.989990234375,447.8011169433594
2023-12-12,464.1000061035156,449.8463134765625
2023-12-13,470.5,456.0497741699219
2023-12-14,472.010009765625,457.5133972167969
2023-12-15,469.3299865722656,456.76007080078125
2023-12-18,471.9700012207031,459.3294677734375
2023-12-19,474.8399963378906,462.12255859375
2023-12-20,468.260009765625,455.7188415527344
2023-12-21,472.70001220703125,460.0398864746094
2023-12-22,473.6499938964844,460.96441650390625
2023-12-26,475.6499938964844,462.91082763671875
2023-12-27,476.510009765625,463.7478332519531
2023-12-28,476.69000244140625,463.9230041503906
2023-12-29,475.30999755859375,462.5799255371094
2024-01-02,472.6499938964844,459.9911804199219
2024-01-03,468.7900085449219,456.23455810546875
2024-01-04,467.2799987792969,454.7650146484375
2024-01-05,467.9200134277344,455.387939453125
2024-01-08,474.6000061035156,461.88897705078125
2024-01-09,473.8800048828125,461.188232421875
2024-01-10,476.55999755859375,463.7965393066406
2024-01-11,476.3500061035156,463.59210205078125
2024-01-12,476.67999267578125,463.91326904296875
2024-01-16,474.92999267578125,462.2101135253906
2024-01-17,472.2900085449219,459.6408996582031
2024-01-18,476.489990234375,463.72833251953125
2024-01-19,482.42999267578125,469.50927734375
2024-01-22,483.45001220703125,470.50201416015625
2024-01-23,484.8599853515625,471.8741760253906
2024-01-24,485.3900146484375,472.38995361328125
2024-01-25,488.0299987792969,474.9593200683594
2024-01-26,487.4100036621094,474.3558654785156
2024-01-29,491.2699890136719,478.1125183105469
2024-01-30,490.8900146484375,477.7427062988281
2024-01-31,482.8800048828125,469.9472351074219
2024-02-01,489.20001220703125,476.09796142578125
2024-02-02,494.3500061035156,481.11004638671875
2024-02-05,492.54998779296875,479.35821533203125
2024-02-06,493.9800109863281,480.7499084472656
2024-02-07,498.1000061035156,484.7596740722656
2024-02-08,498.32000732421875,484.9737243652344
2024-02-09,501.20001220703125,487.7765808105469
2024-02-12,500.9800109863281,487.5625
2024-02-13,494.0799865722656,480.8472900390625
2024-02-14,498.57000732421875,485.21697998046875
2024-02-15,502.010009765625,488.56488037109375
2024-02-16,499.510009765625,486.1318359375
2024-02-20,496.760009765625,483.4554748535156
2024-02-21,497.2099914550781,483.8934326171875
2024-02-22,507.5,493.9078674316406
2024-02-23,507.8500061035156,494.24847412109375
2024-02-26,505.989990234375,492.438232421875
2024-02-27,506.92999267578125,493.3531494140625
2024-02-28,506.260009765625,492.7010192871094
2024-02-29,508.0799865722656,494.4723205566406
2024-03-01,512.8499755859375,499.1145324707031
2024-03-04,512.2999877929688,498.57928466796875
2024-03-05,507.17999267578125,493.5964050292969
2024-03-06,509.75,496.0975646972656
2024-03-07,514.8099975585938,501.02203369140625
2024-03-08,511.7200012207031,498.0148010253906
2024-03-11,511.2799987792969,497.58660888671875
2024-03-12,516.780029296875,502.9393310546875
2024-03-13,515.969970703125,502.1509704589844
2024-03-14,514.9500122070312,501.1583557128906
2024-03-15,509.8299865722656,497.71710205078125
2024-03-18,512.8599853515625,500.675048828125
2024-03-19,515.7100219726562,503.4573974609375
2024-03-20,520.47998046875,508.114013671875
2024-03-21,522.2000122070312,509.7931213378906
2024-03-22,521.2100219726562,508.82672119140625
2024-03-25,519.77001953125,507.4209899902344
2024-03-26,518.8099975585938,506.4836730957031
2024-03-27,523.1699829101562,510.7401123046875
2024-03-28,523.0700073242188,510.64251708984375
2024-04-01,522.1599731445312,509.7540588378906
2024-04-02,518.8400268554688,506.5130615234375
2024-04-03,519.4099731445312,507.0694274902344
2024-04-04,513.0700073242188,500.880126953125
2024-04-05,518.4299926757812,506.1127014160156
2024-04-08,518.719970703125,506.395751953125
2024-04-09,519.3200073242188,506.9815368652344
2024-04-10,514.1199951171875,501.9051513671875
2024-04-11,518.0,505.6929626464844
2024-04-12,510.8500061035156,498.71282958984375
2024-04-15,504.45001220703125,492.4649353027344
2024-04-16,503.5299987792969,491.5667419433594
2024-04-17,500.54998779296875,488.6575927734375
2024-04-18,499.5199890136719,487.6520080566406
2024-04-19,495.1600036621094,483.3956298828125
2024-04-22,499.7200012207031,487.8473205566406
2024-04-23,505.6499938964844,493.6363525390625
2024-04-24,505.4100036621094,493.402099609375
2024-04-25,503.489990234375,491.5277099609375
2024-04-26,508.260009765625,496.18438720703125
2024-04-29,510.05999755859375,497.9416198730469
2024-04-30,501.9800109863281,490.0535888671875
2024-05-01,500.3500061035156,488.46234130859375
2024-05-02,505.0299987792969,493.0310974121094
2024-05-03,511.2900085449219,499.1423645019531
2024-05-06,516.5700073242188,504.2969055175781
2024-05-07,517.1400146484375,504.8534240722656
2024-05-08,517.1900024414062,504.9021911621094
2024-05-09,520.1699829101562,507.8113708496094
2024-05-10,520.8400268554688,508.4654846191406
2024-05-13,520.9099731445312,508.53375244140625
2024-05-14,523.2999877929688,510.8670349121094
2024-05-15,529.780029296875,517.193115234375
2024-05-16,528.6900024414062,516.1289672851562
2024-05-17,529.4500122070312,516.8709106445312
2024-05-20,530.0599975585938,517.466552734375
2024-05-21,531.3599853515625,518.7355346679688
2024-05-22,529.8300170898438,517.2418212890625
2024-05-23,525.9600219726562,513.4638061523438
2024-05-24,529.4400024414062,516.8612670898438
2024-05-28,529.8099975585938,517.2223510742188
2024-05-29,526.0999755859375,513.6004638671875
2024-05-30,522.6099853515625,510.1934509277344
2024-05-31,527.3699951171875,514.8403930664062
2024-06-03,527.7999877929688,515.2601318359375
2024-06-04,528.3900146484375,515.8361206054688
2024-06-05,534.6699829101562,521.9669189453125
2024-06-06,534.6599731445312,521.9570922851562
2024-06-07,534.010009765625,521.322509765625
2024-06-10,535.6599731445312,522.933349609375
2024-06-11,536.9500122070312,524.1927490234375
2024-06-12,541.3599853515625,528.4979248046875
2024-06-13,542.4500122070312,529.5620727539062
2024-06-14,542.780029296875,529.88427734375
2024-06-17,547.0999755859375,534.1015625
2024-06-18,548.489990234375,535.4586181640625
2024-06-20,547.0,534.0039672851562
2024-06-21,544.510009765625,533.2879638671875
2024-06-24,542.739990234375,531.5545043945312
2024-06-25,544.8300170898438,533.6014404296875
2024-06-26,545.510009765625,534.2675170898438
2024-06-27,546.3699951171875,535.1096801757812
2024-06-28,544.219970703125,533.0039672851562
2024-07-01,545.3400268554688,534.1009521484375
2024-07-02,549.010009765625,537.6952514648438
2024-07-03,551.4600219726562,540.0947875976562
2024-07-05,554.6400146484375,543.2092895507812
2024-07-08,555.280029296875,543.8361206054688
2024-07-09,555.8200073242188,544.3649291992188
2024-07-10,561.3200073242188,549.7515869140625
2024-07-11,556.47998046875,545.0113525390625
2024-07-12,559.989990234375,548.4490356445312
2024-07-15,561.530029296875,549.957275390625
2024-07-16,564.8599853515625,553.2185668945312
2024-07-17,556.9400024414062,545.4619750976562
2024-07-18,552.6599731445312,541.2700805664062
2024-07-19,548.989990234375,537.6757202148438
2024-07-22,554.6500244140625,543.2190551757812
2024-07-23,553.780029296875,542.3670043945312
2024-07-24,541.22998046875,530.0756225585938
2024-07-25,538.4099731445312,527.3137817382812
2024-07-26,544.4400024414062,533.219482421875
2024-07-29,544.760009765625,533.5328369140625
2024-07-30,542.0,530.8297729492188
2024-07-31,550.8099975585938,539.458251953125
2024-08-01,543.010009765625,531.8189086914062
2024-08-02,532.9000244140625,521.9172973632812
2024-08-05,517.3800048828125,506.7171630859375
2024-08-06,522.1500244140625,511.388916015625
2024-08-07,518.6599731445312,507.9707336425781
2024-08-08,530.6500244140625,519.713623046875
2024-08-09,532.989990234375,522.0054321289062
2024-08-12,533.27001953125,522.2796630859375
2024-08-13,542.0399780273438,530.8688354492188
2024-08-14,543.75,532.5437622070312
2024-08-15,553.0700073242188,541.671630859375
2024-08-16,554.3099975585938,542.8860473632812
2024-08-19,559.6099853515625,548.0767822265625
2024-08-20,558.7000122070312,547.1856079101562
2024-08-21,560.6199951171875,549.0659790039062
2024-08-22,556.219970703125,544.7565307617188
2024-08-23,562.1300048828125,550.5448608398438
2024-08-26,560.7899780273438,549.2324829101562
2024-08-27,561.5599975585938,549.9866943359375
2024-08-28,558.2999877929688,546.7938232421875
2024-08-29,558.3499755859375,546.8427734375
2024-08-30,563.6799926757812,552.0629272460938
2024-09-03,552.0800170898438,540.7019653320312
2024-09-04,550.9500122070312,539.5953369140625
2024-09-05,549.6099853515625,538.2828979492188
2024-09-06,540.3599853515625,529.2234497070312
2024-09-09,546.4099731445312,535.1488647460938
2024-09-10,548.7899780273438,537.479736328125
2024-09-11,554.4199829101562,542.9937744140625
2024-09-12,559.0900268554688,547.5675659179688
2024-09-13,562.010009765625,550.4273681640625
2024-09-16,562.8400268554688,551.2403564453125
2024-09-17,563.0700073242188,551.465576171875
2024-09-18,561.4000244140625,549.8300170898438
2024-09-19,570.97998046875,559.2125854492188
2024-09-20,568.25,558.2459106445312
2024-09-23,569.6699829101562,559.6408081054688
2024-09-24,571.2999877929688,561.2420654296875
2024-09-25,570.0399780273438,560.0042724609375
2024-09-26,572.2999877929688,562.2244873046875
2024-09-27,571.469970703125,561.4091186523438
2024-09-30,573.760009765625,563.6588134765625
2024-10-01,568.6199951171875,558.6093139648438
2024-10-02,568.8599853515625,558.8450317382812
2024-10-03,567.8200073242188,557.823486328125
2024-10-04,572.97998046875,562.8925170898438
2024-10-07,567.7999877929688,557.8037719726562
2024-10-08,573.1699829101562,563.0792236328125
2024-10-09,577.1400146484375,566.9793090820312
2024-10-10,576.1300048828125,565.987060546875
2024-10-11,579.5800170898438,569.3763427734375
2024-10-14,584.3200073242188,574.0328369140625
2024-10-15,579.780029296875,569.5728759765625
2024-10-16,582.2999877929688,572.0484619140625
2024-10-17,582.3499755859375,572.0975952148438
2024-10-18,584.5900268554688,574.298095703125
2024-10-21,583.6300048828125,573.3550415039062
2024-10-22,583.3200073242188,573.0504760742188
2024-10-23,577.989990234375,567.8143310546875
2024-10-24,579.239990234375,569.0422973632812
2024-10-25,579.0399780273438,568.8458251953125
2024-10-28,580.8300170898438,570.6043701171875
2024-10-29,581.77001953125,571.5277709960938
2024-10-30,580.010009765625,569.7988891601562
2024-10-31,568.6400146484375,558.6289672851562
2024-11-01,571.0399780273438,560.9866943359375
2024-11-04,569.8099975585938,559.7783203125
2024-11-05,576.7000122070312,566.5469970703125
2024-11-06,591.0399780273438,580.6345825195312
2024-11-07,595.6099853515625,585.1240844726562
2024-11-08,598.1900024414062,587.6588134765625
2024-11-11,598.760009765625,588.2186889648438
2024-11-12,596.9000244140625,586.3914794921875
2024-11-13,597.1900024414062,586.6763305664062
2024-11-14,593.3499755859375,582.9039306640625
2024-11-15,585.75,575.437744140625
2024-11-18,588.1500244140625,577.7955322265625
2024-11-19,590.2999877929688,579.9076538085938
2024-11-20,590.5,580.1041259765625
2024-11-21,593.6699829101562,583.21826171875
2024-11-22,595.510009765625,585.02587890625
2024-11-25,597.530029296875,587.0103759765625
2024-11-26,600.6500244140625,590.0755004882812
2024-11-27,598.8300170898438,588.2875366210938
2024-11-29,602.5499877929688,591.9419555664062
2024-12-02,603.6300048828125,593.0029907226562
2024-12-03,603.9099731445312,593.2778930664062
2024-12-04,607.6599731445312,596.9619750976562
2024-12-05,606.6599731445312,595.9796142578125
2024-12-06,607.8099975585938,597.1093139648438
2024-12-09,604.6799926757812,594.034423828125
2024-12-10,602.7999877929688,592.1875
2024-12-11,607.4600219726562,596.7655639648438
2024-12-12,604.3300170898438,593.690673828125
2024-12-13,604.2100219726562,593.5728149414062
2024-12-16,606.7899780273438,596.1073608398438
2024-12-17,604.2899780273438,593.6512451171875
2024-12-18,586.280029296875,575.9584350585938
2024-12-19,586.0999755859375,575.781494140625
2024-12-20,591.1500244140625,582.697265625
2024-12-23,594.6900024414062,586.1866455078125
2024-12-24,601.2999877929688,592.7020263671875
2024-12-26,601.3400268554688,592.7415771484375
2024-12-27,595.010009765625,586.5020141601562
2024-12-30,588.219970703125,579.80908203125
2024-12-31,586.0800170898438,577.69970703125
2025-01-02,584.6400146484375,576.2802734375
2025-01-03,591.9500122070312,583.4857788085938
2025-01-06,595.3599853515625,586.8469848632812
2025-01-07,588.6300048828125,580.2132568359375
2025-01-08,589.489990234375,581.0609741210938
2025-01-10,580.489990234375,572.1896362304688
2025-01-13,581.3900146484375,573.0768432617188
2025-01-14,582.1900024414062,573.8653564453125
2025-01-15,592.780029296875,584.303955078125
2025-01-16,591.6400146484375,583.1802368164062
2025-01-17,597.5800170898438,589.0353393554688
2025-01-21,603.0499877929688,594.4270629882812
2025-01-22,606.4400024414062,597.7686157226562
2025-01-23,609.75,601.03125
2025-01-24,607.969970703125,599.2766723632812
2025-01-27,599.3699951171875,590.7997436523438
2025-01-28,604.52001953125,595.8760986328125
2025-01-29,601.8099975585938,593.2048950195312
2025-01-30,605.0399780273438,596.388671875
2025-01-31,601.8200073242188,593.214599609375
2025-02-03,597.77001953125,589.2225952148438
2025-02-04,601.780029296875,593.1752319335938
2025-02-05,604.219970703125,595.580322265625
2025-02-06,606.3200073242188,597.6503295898438
2025-02-07,600.77001953125,592.1797485351562
2025-02-10,604.8499755859375,596.2012939453125
2025-02-11,605.3099975585938,596.65478515625
2025-02-12,603.3599853515625,594.7326049804688
2025-02-13,609.72998046875,601.0115356445312
2025-02-14,609.7000122070312,600.9820556640625
2025-02-18,611.489990234375,602.746337890625
2025-02-19,612.9299926757812,604.1658325195312
2025-02-20,610.3800048828125,601.6522827148438
2025-02-21,599.9400024414062,591.361572265625
2025-02-24,597.2100219726562,588.670654296875
2025-02-25,594.239990234375,585.7430419921875
2025-02-26,594.5399780273438,586.0387573242188
2025-02-27,585.0499877929688,576.6843872070312
2025-02-28,594.1799926757812,585.6838989257812
2025-03-03,583.77001953125,575.4227905273438
2025-03-04,576.8599853515625,568.611572265625
2025-03-05,583.0599975585938,574.722900390625
2025-03-06,572.7100219726562,564.52099609375
2025-03-07,575.9199829101562,567.6849365234375
2025-03-10,560.5800170898438,552.564453125
2025-03-11,555.9199829101562,547.970947265625
2025-03-12,558.8699951171875,550.8788452148438
2025-03-13,551.4199829101562,543.5352783203125
2025-03-14,562.8099975585938,554.7625122070312
2025-03-17,567.1500244140625,559.0404052734375
2025-03-18,561.02001953125,552.9981079101562
2025-03-19,567.1300048828125,559.0206909179688
2025-03-20,565.489990234375,557.4041137695312
2025-03-21,563.97998046875,557.5880737304688
2025-03-24,574.0800170898438,567.5736083984375
2025-03-25,575.4600219726562,568.93798828125
2025-03-26,568.5900268554688,562.1458129882812
2025-03-27,567.0800170898438,560.6529541015625
2025-03-28,555.6599731445312,549.3623657226562
2025-03-31,559.3900146484375,553.0501098632812
2025-04-01,560.969970703125,554.6121826171875
2025-04-02,564.52001953125,558.1220092773438
2025-04-03,536.7000122070312,530.6172485351562
2025-04-04,505.2799987792969,499.5533447265625
2025-04-07,504.3800048828125,498.6635437011719
2025-04-08,496.4800109863281,490.8531188964844
2025-04-09,548.6199951171875,542.4021606445312
2025-04-10,524.5800170898438,518.6346435546875
2025-04-11,533.9400024414062,527.888427734375
2025-04-14,539.1199951171875,533.0098266601562
2025-04-15,537.6099853515625,531.5169067382812
2025-04-16,525.6599731445312,519.7023315429688
2025-04-17,526.4099731445312,520.44384765625
2025-04-21,513.8800048828125,508.05584716796875
2025-04-22,527.25,521.2744140625
2025-04-23,535.4199829101562,529.3516845703125
2025-04-24,546.6900024414062,540.4940185546875
2025-04-25,550.6400146484375,544.3992919921875
2025-04-28,550.8499755859375,544.6068725585938
2025-04-29,554.3200073242188,548.0374755859375
2025-04-30,554.5399780273438,548.2550659179688
2025-05-01,558.469970703125,552.1405029296875
2025-05-02,566.760009765625,560.3365478515625
2025-05-05,563.510009765625,557.1234130859375
2025-05-06,558.7999877929688,552.4667358398438
2025-05-07,561.1500244140625,554.7901611328125
2025-05-08,565.0599975585938,558.6558837890625
2025-05-09,564.3400268554688,557.9439697265625
2025-05-12,582.989990234375,576.3826293945312
2025-05-13,586.8400268554688,580.1890258789062
2025-05-14,587.5900268554688,580.9304809570312
2025-05-15,590.4600219726562,583.7680053710938
2025-05-16,594.2000122070312,587.4655151367188
2025-05-19,594.8499755859375,588.108154296875
2025-05-20,592.8499755859375,586.130859375
2025-05-21,582.8599853515625,576.2540893554688
2025-05-22,583.0900268554688,576.4814453125
2025-05-23,579.1099853515625,572.5465698242188
2025-05-27,591.1500244140625,584.4501342773438
2025-05-28,587.72998046875,581.0689086914062
2025-05-29,590.0499877929688,583.3626098632812
2025-05-30,589.3900146484375,582.7100830078125
2025-06-02,592.7100219726562,585.992431640625
2025-06-03,596.0900268554688,589.3341064453125
2025-06-04,595.9299926757812,589.1759643554688
2025-06-05,593.0499877929688,586.3285522460938
2025-06-06,599.1400146484375,592.3495483398438
2025-06-09,599.6799926757812,592.8834228515625
2025-06-10,603.0800170898438,596.2449340820312
2025-06-11,601.3599853515625,594.54443359375
2025-06-12,603.75,596.9072875976562
2025-06-13,597.0,590.23388671875
2025-06-16,602.6799926757812,595.8494262695312
2025-06-17,597.530029296875,590.7578735351562
2025-06-18,597.4400024414062,590.6688842773438
2025-06-20,594.280029296875,589.2816162109375
2025-06-23,600.1500244140625,595.1021728515625
2025-06-24,606.780029296875,601.676513671875
2025-06-25,607.1199951171875,602.0135498046875
2025-06-26,611.8699951171875,606.7236328125
2025-06-27,614.9099731445312,609.7380981445312
2025-06-30,617.8499755859375,612.6533203125
2025-07-01,617.6500244140625,612.455078125
2025-07-02,620.4500122070312,615.2315063476562
2025-07-03,625.3400268554688,620.0803833007812
2025-07-07,620.6799926757812,615.4595336914062
2025-07-08,620.3400268554688,615.1224365234375
2025-07-09,624.0599975585938,618.8110961914062
2025-07-10,625.8200073242188,620.5563354492188
2025-07-11,623.6199951171875,618.3748168945312
2025-07-14,624.8099975585938,619.5548095703125
2025-07-15,622.1400146484375,616.9072875976562
2025-07-16,624.219970703125,618.9697265625
2025-07-17,628.0399780273438,622.7576293945312
2025-07-18,627.5800170898438,622.301513671875
2025-07-21,628.77001953125,623.4815063476562
2025-07-22,628.8599853515625,623.5706787109375
2025-07-23,634.2100219726562,628.8757934570312
2025-07-24,634.4199829101562,629.083984375
2025-07-25,637.0999755859375,631.741455078125
2025-07-28,636.9400024414062,631.582763671875
2025-07-29,635.260009765625,629.9169311523438
2025-07-30,634.4600219726562,629.1236572265625
2025-07-31,632.0800170898438,626.763671875
2025-08-01,621.719970703125,616.4907836914062
2025-08-04,631.1699829101562,625.8612670898438
2025-08-05,627.969970703125,622.6881713867188
2025-08-06,632.780029296875,627.4578247070312
2025-08-07,632.25,626.9322509765625
2025-08-08,637.1799926757812,631.82080078125
2025-08-11,635.9199829101562,630.5712890625
2025-08-12,642.6900024414062,637.284423828125
2025-08-13,644.8900146484375,639.4659423828125
2025-08-14,644.9500122070312,639.5254516601562
2025-08-15,643.4400024414062,638.0281372070312
2025-08-18,643.2999877929688,637.8892822265625
2025-08-19,639.8099975585938,634.4286499023438
2025-08-20,638.1099853515625,632.7429809570312
2025-08-21,635.5499877929688,630.2044677734375
2025-08-22,645.3099975585938,639.88232421875
2025-08-25,642.469970703125,637.0662231445312
2025-08-26,645.1599731445312,639.733642578125
2025-08-27,646.6300048828125,641.1912841796875
2025-08-28,648.9199829101562,643.4620361328125
2025-08-29,645.0499877929688,639.6245727539062
2025-09-02,640.27001953125,634.884765625
2025-09-03,643.739990234375,638.3255615234375
2025-09-04,649.1199951171875,643.6603393554688
2025-09-05,647.239990234375,641.7960815429688
2025-09-08,648.8300170898438,643.372802734375
2025-09-09,650.3300170898438,644.8601684570312
2025-09-10,652.2100219726562,646.724365234375
2025-09-11,657.6300048828125,652.0987548828125
2025-09-12,657.4099731445312,651.8805541992188
2025-09-15,660.9099731445312,655.3511352539062
2025-09-16,660.0,654.4488525390625
2025-09-17,659.1799926757812,653.6357421875
2025-09-18,662.260009765625,656.6898193359375
2025-09-19,663.7000122070312,659.9423217773438
2025-09-22,666.8400268554688,663.0645751953125
2025-09-23,663.2100219726562,659.4551391601562
2025-09-24,661.0999755859375,657.3569946289062
2025-09-25,658.0499877929688,654.3242797851562
2025-09-26,661.8200073242188,658.072998046875
2025-09-29,663.6799926757812,659.9224243164062
2025-09-30,666.1799926757812,662.4082641601562
2025-10-01,668.4500122070312,664.6654052734375
2025-10-02,669.219970703125,665.4309692382812
2025-10-03,669.2100219726562,665.421142578125
2025-10-06,671.6099853515625,667.8074951171875
2025-10-07,669.1199951171875,665.3316040039062
2025-10-08,673.1099853515625,669.2990112304688
2025-10-09,671.1599731445312,667.3600463867188
2025-10-10,653.02001953125,649.32275390625
2025-10-13,663.0399780273438,659.2860107421875
2025-10-14,662.22998046875,658.4805908203125
2025-10-15,665.1699829101562,661.4039306640625
2025-10-16,660.6400146484375,656.8995971679688
2025-10-17,664.3900146484375,660.62841796875
2025-10-20,671.2999877929688,667.499267578125
2025-10-21,671.2899780273438,667.4893188476562
2025-10-22,667.7999877929688,664.0191040039062
2025-10-23,671.760009765625,667.9566650390625
2025-10-24,677.25,673.4155883789062
2025-10-27,685.239990234375,681.3603515625
2025-10-28,687.0599975585938,683.1700439453125
2025-10-29,687.3900146484375,683.4982299804688
2025-10-30,679.8300170898438,675.9810180664062
2025-10-31,682.0599975585938,678.1983032226562
2025-11-03,683.3400268554688,679.4711303710938
2025-11-04,675.239990234375,671.4169921875
2025-11-05,677.5800170898438,673.7437133789062
2025-11-06,670.3099975585938,666.514892578125
2025-11-07,670.969970703125,667.1710815429688
2025-11-10,681.4400024414062,677.5818481445312
2025-11-11,683.0,679.1329956054688
2025-11-12,683.3800048828125,679.5109252929688
2025-11-13,672.0399780273438,668.235107421875
2025-11-14,671.9299926757812,668.1256713867188
2025-11-17,665.6699829101562,661.901123046875
2025-11-18,660.0800170898438,656.3427734375
2025-11-19,662.6300048828125,658.8783569335938
2025-11-20,652.530029296875,648.8355712890625
2025-11-21,659.030029296875,655.2987670898438
2025-11-24,668.72998046875,664.9437866210938
2025-11-25,675.02001953125,671.1982421875
2025-11-26,679.6799926757812,675.8318481445312
2025-11-28,683.3900146484375,679.5208129882812
2025-12-01,680.27001953125,676.41845703125
2025-12-02,681.530029296875,677.67138671875
2025-12-03,683.8900146484375,680.0180053710938
2025-12-04,684.3900146484375,680.51513671875
2025-12-05,685.6900024414062,681.8078002929688
2025-12-08,683.6300048828125,679.7594604492188
2025-12-09,683.0399780273438,679.1727905273438
2025-12-10,687.5700073242188,683.6771850585938
2025-12-11,689.1699829101562,685.26806640625
2025-12-12,681.760009765625,677.9000854492188
2025-12-15,680.72998046875,676.8758544921875
2025-12-16,678.8699951171875,675.0264282226562
2025-12-17,671.4000244140625,667.5986938476562
2025-12-18,676.469970703125,672.6399536132812
2025-12-19,680.5900268554688,678.7363891601562
2025-12-22,684.8300170898438,682.96484375
2025-12-23,687.9600219726562,686.0863037109375
2025-12-24,690.3800048828125,688.4996948242188
2025-12-26,690.3099975585938,688.4298706054688
2025-12-29,687.8499755859375,685.9765625
2025-12-30,687.010009765625,685.138916015625
2025-12-31,681.9199829101562,680.062744140625
2026-01-02,683.1699829101562,681.309326171875
2026-01-05,687.719970703125,685.846923828125
2026-01-06,691.8099975585938,689.92578125
2026-01-07,689.5800170898438,687.701904296875
2026-01-08,689.510009765625,687.632080078125
2026-01-09,694.0700073242188,692.1796264648438
2026-01-12,695.1599731445312,693.2666625976562
2026-01-13,693.77001953125,691.8804931640625
2026-01-14,690.3599853515625,688.479736328125
2026-01-15,692.239990234375,690.3546142578125
2026-01-16,691.6599731445312,689.7761840820312
2026-01-20,677.5800170898438,675.7345581054688
2026-01-21,685.4000244140625,683.5332641601562
2026-01-22,688.97998046875,687.103515625
2026-01-23,689.22998046875,687.352783203125
2026-01-26,692.72998046875,690.84326171875
2026-01-27,695.489990234375,693.5957641601562
2026-01-28,695.4199829101562,693.5259399414062
2026-01-29,694.0399780273438,692.1497192382812
2026-01-30,691.969970703125,690.0853271484375
2026-02-02,695.4099731445312,693.5159912109375
2026-02-03,689.530029296875,687.6520385742188
2026-02-04,686.1900024414062,684.3211059570312
2026-02-05,677.6199951171875,675.7744750976562
2026-02-06,690.6199951171875,688.739013671875
2026-02-09,693.9500122070312,692.0599975585938
2026-02-10,692.1199951171875,690.2349243164062
2026-02-11,691.9600219726562,690.075439453125
2026-02-12,681.27001953125,679.41455078125
2026-02-13,681.75,679.8931884765625
2026-02-17,682.8499755859375,680.9901733398438
2026-02-18,686.2899780273438,684.4208374023438
2026-02-19,684.47998046875,682.61572265625
2026-02-20,689.4299926757812,687.5523071289062
2026-02-23,682.3900146484375,680.531494140625
2026-02-24,687.3499755859375,685.4779052734375
2026-02-25,693.1500244140625,691.26220703125
2026-02-26,689.2999877929688,687.422607421875
2026-02-27,685.989990234375,684.1216430664062
2026-03-02,686.3800048828125,684.5106201171875
2026-03-03,680.3300170898438,678.4771118164062
2026-03-04,685.1300048828125,683.2639770507812
2026-03-05,681.3099975585938,679.4544067382812
2026-03-06,672.3800048828125,670.5487060546875
2026-03-09,678.27001953125,676.4227294921875
2026-03-10,677.1799926757812,675.3356323242188
2026-03-11,676.3300170898438,674.4879760742188
2026-03-12,666.0599975585938,664.2459106445312
2026-03-13,662.2899780273438,660.4862060546875
2026-03-16,669.030029296875,667.2078857421875
2026-03-17,670.7899780273438,668.9630126953125
2026-03-18,661.4299926757812,659.6285400390625
2026-03-19,659.7999877929688,658.0029907226562
2026-03-20,648.5700073242188,648.5700073242188
2026-03-23,655.3800048828125,655.3800048828125
2026-03-24,653.1799926757812,653.1799926757812
2026-03-25,656.8200073242188,656.8200073242188
2026-03-26,645.0900268554688,645.0900268554688
2026-03-27,634.0900268554688,634.0900268554688
2026-03-30,631.969970703125,631.969970703125
2026-03-31,650.3400268554688,650.3400268554688
2026-04-01,655.239990234375,655.239990234375
2026-04-02,655.8300170898438,655.8300170898438
2026-04-06,658.9299926757812,658.9299926757812
2026-04-07,659.219970703125,659.219970703125
2026-04-08,676.010009765625,676.010009765625
2026-04-09,679.9099731445312,679.9099731445312
2026-04-10,679.4600219726562,679.4600219726562
2026-04-13,686.0999755859375,686.0999755859375
2026-04-14,694.4600219726562,694.4600219726562
2026-04-15,699.9400024414062,699.9400024414062
2026-04-16,701.6599731445312,701.6599731445312
2026-04-17,710.1400146484375,710.1400146484375
2026-04-20,708.719970703125,708.719970703125
2026-04-21,704.0800170898438,704.0800170898438
2026-04-22,711.2100219726562,711.2100219726562
